Name,IATA,ICAO,Callsign,Country,Active
SF Airlines,O3,CSS,SHUN FENG,China,Y
Akasa Airlines,QP,AKJ,AKASA AIR,India,Y
Private flight,-,,,,Y
1Time Airline,1T,RNX,NEXTIME,South Africa,Y
40-Mile Air,Q5,MLA,MILE-AIR,United States,Y
Ansett Australia,AN,AAA,ANSETT,Australia,Y
Aigle Azur,ZI,AAF,AIGLE AZUR,France,Y
Aloha Airlines,AQ,AAH,ALOHA,United States,Y
American Airlines,AA,AAL,AMERICAN,United States,Y
Asiana Airlines,OZ,AAR,ASIANA,Republic of Korea,Y
Askari Aviation,4K,AAS,AL-AAS,Pakistan,Y
Afriqiyah Airways,8U,AAW,AFRIQIYAH,Libya,Y
Allegiant Air,G4,AAY,ALLEGIANT,United States,Y
ABSA - Aerolinhas Brasileiras,M3,TUS,ABSA Cargo,Brazil,Y
Astral Aviation,8V,ACP,ASTRAL CARGO,Kenya,Y
Air Tindi,8T,,,Canadian Territories,Y
Ada Air,ZY,ADE,ADA AIR,Albania,Y
Adria Airways,JP,ADR,ADRIA,Slovenia,Y
Air Europa,UX,AEA,EUROPA,Spain,Y
Aero Benin,EM,AEB,AEROBEN,Benin,Y
Aegean Airlines,A3,AEE,AEGEAN,Greece,Y
Air Europe,PE,AEL,AIR EUROPE,Italy,Y
Alaska Central Express,KO,AER,ACE AIR,United States,Y
ACES Colombia,,AES,ACES,Colombia,Y
Astraeus,5W,AEU,FLYSTAR,United Kingdom,Y
Aerosvit Airlines,VV,AEW,AEROSVIT,Ukraine,Y
Air Italy,I9,AEY,AIR ITALY,Italy,Y
Alliance Airlines,QQ,UTY,UNITY,Australia,Y
Ariana Afghan Airlines,FG,AFG,ARIANA,Afghanistan,Y
Aeroflot Russian Airlines,SU,AFL,AEROFLOT,Russia,Y
Air Bosna,JA,BON,AIR BOSNA,Bosnia and Herzegovina,Y
Air France,AF,AFR,AIRFRANS,France,Y
Air Caledonie International,SB,ACI,AIRCALIN,France,Y
Air Salone,2O,,,Sierra Leone,Y
Air Cargo Carriers,2Q,SNC,NIGHT CARGO,United States,Y
Air Namibia,SW,NMB,NAMIBIA,Namibia,Y
Aerolitoral,5D,SLI,COSTERA,Mexico,Y
Air Glaciers,7T,AGV,AIR GLACIERS,Switzerland,Y
Aviogenex,,AGX,GENEX,Serbia,Y
Aeroper,PL,PLI,Aeroperu,Peru,Y
Atlas Blue,8A,BMM,ATLAS BLUE,Morocco,Y
Azerbaijan Airlines,J2,AHY,AZAL,Azerbaijan,Y
Avies,U3,AIA,AVIES,Estonia,Y
Airblue,ED,ABQ,PAKBLUE,Pakistan,Y
Airlift International,,AIR,AIRLIFT,United States,Y
Air Berlin,AB,BER,AIR BERLIN,Germany,Y
Air India Limited,AI,AIC,AIRINDIA,India,Y
Air Bourbon,ZB,BUB,BOURBON,Reunion,Y
Air Atlanta Icelandic,CC,ABD,ATLANTA,Iceland,Y
Air Tahiti Nui,TN,THT,TAHITI AIRLINES,France,Y
Arkia Israel Airlines,IZ,AIZ,ARKIA,Israel,Y
Air Jamaica,JM,AJM,JAMAICA,Jamaica,Y
Air One,AP,ADH,HERON,Italy,Y
Air Sahara,S2,RSH,SAHARA,India,Y
Air Malta,KM,AMC,AIR MALTA,Malta,Y
Air Japan,NQ,AJX,AIR JAPAN,Japan,Y
Air Korea Co. Ltd.,,AKA,,Republic of Korea,Y
Air Kiribati,4A,AKL,,Kiribati,Y
America West Airlines,HP,AWE,CACTUS,United States,Y
Air Wisconsin,ZW,AWI,AIR WISCONSIN,United States,Y
Tatarstan Airlines,U9,TAK,TATARSTAN,Russia,Y
Allegheny Commuter Airlines,,ALO,ALLEGHENY,United States,Y
Air Sunshine,,RSI,AIR SUNSHINE,United States,Y
Air Libert,VD,,,France,Y
Air Malawi,QM,AML,MALAWI,Malawi,Y
Air Sicilia,BM,,,Italy,Y
ATA Airlines,,AMT,AMTRAN,United States,Y
Air Macau,NX,AMU,AIR MACAO,Macao,Y
AMC Airlines,,AMV,,Egypt,Y
Air Seychelles,HM,SEY,SEYCHELLES,Seychelles,Y
AeroMéxico,AM,AMX,AEROMEXICO,Mexico,Y
All Nippon Airways,NH,ANA,ALL NIPPON,Japan,Y
Air Nostrum,YW,ANE,AIR NOSTRUM,Spain,Y
Air Niugini,PX,ANG,NUIGINI,Papua New Guinea,Y
Air Arabia,G9,ABY,ARABIA,United Arab Emirates,Y
Air Canada,AC,ACA,AIR CANADA,Canada,Y
Air Baltic,BT,BTI,AIRBALTIC,Latvia,Y
Air Nippon,EL,ANK,ANK AIR,Japan,Y
Airnorth,TL,ANO,TOPEND,Australia,Y
Air North Charter - Canada,4N,ANT,AIR NORTH,Canada,Y
Air New Zealand,NZ,ANZ,NEW ZEALAND,New Zealand,Y
Alitalia Express,XM,SMX,ALIEXPRESS,Italy,Y
Aero Flight,GV,ARF,Aero Fox,Germany,Y
Arrow Air,JW,APW,BIG A,United States,Y
Aerocondor,2B,ARD,AEROCONDOR,Portugal,Y
Aires,4C,ARE, Aerovias de Integracion Regional, S.A.,Y
Aerolineas Argentinas,AR,ARG,ARGENTINA,Argentina,Y
Alaska Airlines,AS,ASA, Inc.,ALASKA,Y
Air Sinai,4D,ASD,AIR SINAI,Egypt,Y
Atlantic Southeast Airlines,EV,ASQ,ACEY,United States,Y
Astrakhan Airlines,OB,ASZ,AIR ASTRAKHAN,Russia,Y
Air Tanzania,TC,ATC,TANZANIA,Tanzania,Y
Air Burkina,2J,VBW,BURKINA,Burkina Faso,Y
Airlines Of Tasmania,FO,ATM,AIRTAS,Australia,Y
Air Saint Pierre,PJ,SPM,,France,Y
Austrian Airlines,OS,AUA,AUSTRIAN,Austria,Y
Air Southwest,,WOW,SWALLOW,United Kingdom,Y
Augsburg Airways,IQ,AUB,AUGSBURG-AIR,Germany,Y
ATUR,,TUR,,Ecuador,Y
Abu Dhabi Amiri Flight,MO,AUH,SULTAN,United Arab Emirates,Y
Aeroflot-Nord,5N,AUL,DVINA,Russia,Y
Aurigny Air Services,GR,AUR,AYLINE,United Kingdom,Y
Austral Lineas Aereas,AU,AUT,AUSTRAL,Argentina,Y
Avianca - Aerovias Nacionales de Colombia,AV,AVA, S.A.,AVIANCA,Y
Air Vanuatu,NF,AVN,AIR VAN,Vanuatu,Y
Air Bangladesh,B9,BGD,AIR BANGLA,Bangladesh,Y
Air Mediterranee,DR,BIE,MEDITERRANEE,France,Y
Air Moorea,,TAH,AIR MOOREA,France,Y
Aeroline GmbH,7E,AWU,SYLT-AIR,Germany,Y
Air Wales,6G,AWW,RED DRAGON,United Kingdom,Y
Air Caraïbes,TX,FWI,FRENCH WEST,France,Y
Air India Express,IX,AXB,EXPRESS INDIA,India,Y
Air Exel,XT,AXL,EXEL COMMUTER,Netherlands,Y
AirAsia,AK,AXM,ASIAN EXPRESS,Malaysia,Y
Atlant-Soyuz Airlines,3G,AYZ,ATLANT-SOYUZ,Russia,Y
Alitalia,AZ,AZA,ALITALIA,Italy,Y
Amaszonas,Z8,AZN,,Bolivia,Y
Air Zimbabwe,UM,AZW,AIR ZIMBABWE,Zimbabwe,Y
Aserca Airlines,R7,OCA,AROSCA,Venezuela,Y
Rossiya-Russian Airlines,FV,SDM,PULKOVO,Russia,Y
American Eagle Airlines,MQ,EGF,EAGLE FLIGHT,United States,Y
AD Aviation,,VUE,FLIGHTVUE,United Kingdom,Y
Air Ivoire,VU,VUN,AIRIVOIRE,Ivory Coast,Y
Air Botswana,BP,BOT,BOTSWANA,Botswana,Y
Air Foyle,GS,UPA,FOYLE,United Kingdom,Y
Air Tahiti,VT,VTA,AIR TAHITI,French Polynesia,Y
Air VIA,VL,VIM,,Bulgaria,Y
Africa West,FK,WTA,WEST TOGO,Togo,Y
ATRAN Cargo Airlines,V8,VAS,ATRAN,Russian Federation,Y
Air China,CA,CCA,AIR CHINA,China,Y
Aero Condor Peru,Q6,CDP,CONDOR-PERU,Peru,Y
Air Chathams,CV,CVA,CHATHAM,New Zealand,Y
Air Marshall Islands,CW,CWM,AIR MARSHALLS,Marshall Islands,Y
Access Air,ZA,CYD,CYCLONE,United States,Y
Air Algerie,AH,DAH,AIR ALGERIE,Algeria,Y
Adam Air,KI,DHI,ADAM SKY,Indonesia,Y
Air Dolomiti,EN,DLA,DOLOMOTI,Italy,Y
Aeroflot-Don,D9,DNV,DONAVIA,Russia,Y
Air Madrid,NM,DRD,ALADA AIR,Spain,Y
Aer Lingus,EI,EIN,SHAMROCK,Ireland,Y
Air Finland,OF,FIF,AIR FINLAND,Finland,Y
Airfix Aviation,,FIX,AIRFIX,Finland,Y
Air Pacific,FJ,FJI,PACIFIC,Fiji,Y
Atlantic Airways,RC,FLI,FAROELINE,Faroe Islands,Y
Air Florida,QH,FLZ,AIR FLORIDA,United States,Y
Air Iceland,NY,FXI,FAXI,Iceland,Y
Air Philippines,2P,GAP,ORIENT PACIFIC,Philippines,Y
Air Guinee Express,2U,GIP,FUTURE EXPRESS,Guinea,Y
Air Greenland,GL,GRL,GREENLAND,Denmark,Y
Atlas Air,5Y,GTI,GIANT,United States,Y
Air Guyane,GG,GUY,GREEN BIRD,French Guiana,Y
Air Bagan,W9,JAB,AIR BAGAN,Myanmar,Y
Air Canada Jazz,QK,JZA,JAZZ,Canada,Y
Atlasjet,KK,KKK,ATLASJET,Turkey,Y
Air Koryo,JS,KOR,AIR KORYO,Democratic People's Republic of Korea,Y
Air Astana,KC,KZR,ASTANALINE,Kazakhstan,Y
Albanian Airlines,LV,LBC,ALBANIAN,Albania,Y
Air Alfa,,LFA,,Turkey,Y
Aerolane,XL,LNE,LAN ECUADOR,Ecuador,Y
Atlantis European Airways,TD,LUR,,Armenia,Y
Air Luxor,LK,LXR,AIRLUXOR,Portugal,Y
Air Mauritius,MK,MAU,AIRMAURITIUS,Mauritius,Y
Air Madagascar,MD,MDG,AIR MADAGASCAR,Madagascar,Y
Air Moldova,9U,MLD,AIR MOLDOVA,Moldova,Y
Air Plus Comet,A7,MPD,RED COMET,Spain,Y
Astair,8D,,,Russian Federation,Y
Aero Contractors,AJ,NIG,AEROLINE,Nigeria,Y
Aeropelican Air Services,OT,PEL,PELICAN,Australia,Y
Aer Arann,RE,REA,AER ARANN,Ireland,Y
Air Austral,UU,REU,REUNION,France,Y
Asian Spirit,6K,RIT,ASIAN SPIRIT,Philippines,Y
Air Afrique,RK,RKA,AIRAFRIC,Ivory Coast,Y
Airlinair,A5,RLA,AIRLINAIR,France,Y
Aero Lanka,QL,RLN,AERO LANKA,Sri Lanka,Y
Air Salone,20,RNE,AIR SALONE,Sierra Leone,Y
Armavia,U8,RNV,ARMAVIA,Armenia,Y
AeroRep,P5,RPB,AEROREPUBLICA,Colombia,Y
Aero-Service,BF,RSR,CONGOSERV,Republic of the Congo,Y
Aerosur,5L,RSU,AEROSUR,Bolivia,Y
Aeronorte,,RTE,LUZAVIA,Portugal,Y
Avient Aviation,Z3,SMJ,AVAVIA,Zimbabwe,Y
Aircompany Yakutia,R3,SYL,AIR YAKUTIA,Russia,Y
Aeromar,VW,TAO,TRANS-AEROMAR,Mexico,Y
Arkefly,OR,TFL,ARKEFLY,Netherlands,Y
Airlines PNG,CG,TOK,BALUS,Papua New Guinea,Y
AirTran Airways,FL,TRS,CITRUS,United States,Y
Air Transat,TS,TSC,TRANSAT,Canada,Y
Avialeasing Aviation Company,EC,TWN,TWINARROW,Uzbekistan,Y
Tyrolean Airways,VO,TYR,TYROLEAN,Austria,Y
Aerolineas Galapagos (Aerogal),2K,GLG,AEROGAL,Ecuador,Y
Alrosa Mirny Air Enterprise,6R,DRU,MIRNY,Russia,Y
British Airways,BA,BAW,SPEEDBIRD,United Kingdom,Y
Biman Bangladesh Airlines,BG,BBC,BANGLADESH,Bangladesh,Y
Belair Airlines,4T,BHP,BELAIR,Switzerland,Y
Bahamasair,UP,BHS,BAHAMAS,Bahamas,Y
Balkan Bulgarian Airlines,LZ,,,,Y
British International Helicopters,BS,BIH,BRINTEL,United Kingdom,Y
BF-Lento OY,,BKF,BAKERFLIGHT,Finland,Y
Bangkok Airways,PG,BKP,BANGKOK AIR,Thailand,Y
Blue1,KF,BLF,BLUEFIN,Finland,Y
Baltic Airlines,,BLL,BALTIC AIRLINES,Russia,Y
Bearskin Lake Air Service,JV,BLS,BEARSKIN,Canada,Y
Bellview Airlines,B3,BLV,BELLVIEW AIRLINES,Nigeria,Y
bmi,BD,BMA,MIDLAND,United Kingdom,Y
bmibaby,WW,BMI,BABY,United Kingdom,Y
Bemidji Airlines,CH,BMJ,BEMIDJI,United States,Y
British Midland Regional,,BMR,,United Kingdom,Y
Blue Panorama Airlines,BV,BPA,BLUE PANOROMA,Italy,Y
Budapest Aircraft Services/Manx2,,BPS,BASE,Hungary,Y
Bering Air,8E,BRG,BERING AIR,United States,Y
Brazilian Air Force,,BRS,BRAZILIAN AIR FORCE,Brazil,Y
Belavia Belarusian Airlines,B2,BRU,BELARUS AVIA,Belarus,Y
Metro Batavia,7P,BTV,BATAVIA,Indonesia,Y
Berjaya Air,J8,BVT,BERJAYA,Malaysia,Y
Blue Wings,QW,BWG,BLUE WINGS,Germany,Y
Brit Air,DB,BZH,BRITAIR,France,Y
Brussels Airlines,SN,DAT,BEE-LINE,Belgium,Y
Binter Canarias,NT,IBB,,Spain,Y
Blue Air,0B,JOR,BLUE TRANSPORT,Romania,Y
British Mediterranean Airways,KJ,LAJ,BEE MED,United Kingdom,Y
Bulgaria Air,FB,LZB,FLYING BULGARIA,Bulgaria,Y
Barents AirLink,8N,NKF,NORDFLIGHT,Sweden,Y
CAL Cargo Air Lines,5C,ICL,CAL,Israel,Y
Calima Aviacion,XG,CLI,CALIMA,Spain,Y
Canadian Airlines,CP,CDN,CANADIAN,Canada,Y
Canadian North,5T,MPE,EMPRESS,Canada,Y
Cape Air,9K,KAP,CAIR,United States,Y
Caribbean Airlines,BW,BWA,CARIBBEAN AIRLINES,Trinidad and Tobago,Y
Carpatair,V3,KRP,CARPATAIR,Romania,Y
Caspian Airlines,RV,CPN,CASPIAN,Iran,Y
Cathay Pacific,CX,CPA,CATHAY,Hong Kong SAR of China,Y
Cayman Airways,KX,CAY,CAYMAN,Cayman Islands,Y
Cebu Pacific,5J,CEB,CEBU AIR,Philippines,Y
Central Connect Airlines,,CCG,,Czech Republic,Y
Centralwings,C0,CLW,CENTRALWINGS,Poland,Y
Charter Air,,CHW,CHARTER WIEN,Austria,Y
Chautauqua Airlines,RP,CHQ,CHAUTAUQUA,United States,Y
China Airlines,CI,CAL,DYNASTY,Taiwan,Y
China Eastern Airlines,MU,CES,CHINA EASTERN,China,Y
China Southern Airlines,CZ,CSN,CHINA SOUTHERN,China,Y
China United Airlines,HR,CUA,LIANHANG,China,Y
Yunnan Airlines,3Q,CYH,YUNNAN,China,Y
Cimber Air,QI,CIM,CIMBER,Denmark,Y
Cirrus Airlines,C9,RUS,CIRRUS AIR,Germany,Y
City Airline,CF,SDR,SWEDESTAR,Sweden,Y
City Connexion Airlines,G3,CIX,CONNEXION,Burundi,Y
CityJet,WX,BCY,CITY-IRELAND,Ireland,Y
BA CityFlyer,CJ,CFE,FLYER,United Kingdom,Y
Click Airways,,CGK,CLICK AIR,Kyrgyzstan,Y
Coastal Air,DQ,,U.S. Virgin Islands,United States,Y
Colgan Air,9L,CJC,COLGAN,United States,Y
Comair,OH,COM,COMAIR,United States,Y
Comair,MN,CAW,COMMERCIAL,South Africa,Y
CommutAir,C5,UCA,COMMUTAIR,United States,Y
Comores Airlines,KR,CWK,CONTICOM,Comoros,Y
Compass Airlines,CP,CPZ,Compass Rose,United States,Y
Condor Flugdienst,DE,CFG,CONDOR,Germany,Y
Consorcio Aviaxsa,6A,CHP,AVIACSA,Mexico,Y
Contact Air,C3,KIS,CONTACTAIR,Germany,Y
Continental Airlines,CO,COA,CONTINENTAL,United States,Y
Continental Express,CO,,JETLINK,United States,Y
Continental Micronesia,CS,CMI,AIR MIKE,United States,Y
Conviasa,V0,VCV,CONVIASA,Venezuela,Y
Copa Airlines,CM,CMP,COPA,Panama,Y
Copterline,,AAQ,COPTERLINE,Finland,Y
Corendon Airlines,,CAI,CORENDON,Turkey,Y
Corsairfly,SS,CRL,CORSAIR,France,Y
Corse-Mediterranee,XK,CCM,CORSICA,France,Y
Crest Aviation,,CAN,CREST,United Kingdom,Y
Croatia Airlines,OU,CTN,CROATIA,Croatia,Y
Crown Airways,,CRO,CROWN AIRWAYS,United States,Y
Cubana de Aviación,CU,CUB,CUBANA,Cuba,Y
Cyprus Airways,CY,CYP,CYPRUS,Cyprus,Y
Cyprus Turkish Airlines,YK,,,Turkey,Y
Czech Airlines,OK,CSA,CSA-LINES,Czech Republic,Y
DAT Danish Air Transport,DX,DTR,DANISH,Denmark,Y
Daallo Airlines,D3,DAO,DALO AIRLINES,Djibouti,Y
Dalavia,H8,KHB,DALAVIA,Russia,Y
Darwin Airline,0D,DWT,DARWIN,Switzerland,Y
Delta Aerotaxi,,DEA,JET SERVICE,Italy,Y
Delta Air Lines,DL,DAL,DELTA,United States,Y
Denim Air,,DNM,DENIM,Netherlands,Y
Deutsche Bahn,2A,,,Germany,Y
Djibouti Airlines,D8,DJB,DJIBOUTI AIR,Djibouti,Y
Dniproavia,,UDN,DNIEPRO,Ukraine,Y
Dominicana de Aviaci,DO,DOA,DOMINICANA,Dominican Republic,Y
Domodedovo Airlines,E3,DMO,DOMODEDOVO,Russia,Y
DonbassAero,5D,UDC,DONBASS AERO,Ukraine,Y
Dragonair,KA,HDA, Hong Kong Dragon Airlines,DRAGON,Y
Druk Air,KB,DRK,ROYAL BHUTAN,Bhutan,Y
Dubrovnik Air,,DBK,SEAGULL,Croatia,Y
Dutch Antilles Express,,DNL,DUTCH ANTILLES,Netherlands Antilles,Y
dba,DI,BAG,SPEEDWAY,Germany,Y
EVA Air,BR,EVA,EVA,Taiwan,Y
Eagle Air,H7,,,Uganda,Y
East African,QU,UGX,CRANE,Uganda,Y
Eastern Airways,T3,EZE,EASTFLIGHT,United Kingdom,Y
Eastland Air,DK,ELA,,Australia,Y
Ecuavia,,ECU,ECUAVIA,Ecuador,Y
Edelweiss Air,WK,EDW,EDELWEISS,Switzerland,Y
Egyptair,MS,MSR,EGYPTAIR,Egypt,Y
El Al Israel Airlines,LY,ELY,ELAL,Israel,Y
El-Buraq Air Transport,UZ,BRQ,BURAQAIR,Libya,Y
Emirates,EK,UAE,EMIRATES,United Arab Emirates,Y
Empresa Ecuatoriana De Aviacion,EU,EEA,ECUATORIANA,Ecuador,Y
Eritrean Airlines,B8,ERT,ERITREAN,Eritrea,Y
Estonian Air,OV,ELL,ESTONIAN,Estonia,Y
Ethiopian Airlines,ET,ETH,ETHIOPIAN,Ethiopia,Y
Etihad Airways,EY,ETD,ETIHAD,United Arab Emirates,Y
Euro Exec Express,RZ,,,Sweden,Y
Eurocypria Airlines,UI,ECA,EUROCYPRIA,Cyprus,Y
Eurofly Service,GJ,EEU,EUROFLY,Italy,Y
Eurolot,K2,ELO,EUROLOT,Poland,Y
European Air Express,EA,EAL,STAR WING,Germany,Y
Eurowings,EW,EWG,EUROWINGS,Germany,Y
Evergreen International Airlines,EZ,EIA,EVERGREEN,United States,Y
Excel Airways,JN,XLA,EXPO,United Kingdom,Y
Excel Charter,,XEL,HELI EXCEL,United Kingdom,Y
Express One International,EO,LHN,LONGHORN,United States,Y
ExpressJet,XE,BTA,JET LINK,United States,Y
easyJet,U2,EZY,EASY,United Kingdom,Y
Far Eastern Air Transport,EF,EFA,Far Eastern,Taiwan,Y
Finnair,AY,FIN,FINNAIR,Finland,Y
Finncomm Airlines,FC,WBA,WESTBIRD,Finland,Y
Firefly,FY,FFM,FIREFLY,Malaysia,Y
First Air,7F,FAB,,Canada,Y
First Choice Airways,DP,FCA,JETSET,United Kingdom,Y
Flightline,B5,FLT,FLIGHTLINE,United Kingdom,Y
Florida West International Airways,RF,FWL,FLO WEST,United States,Y
AirAsia X,D7,XAX,XANADU,Malaysia,Y
FlyLal,TE,LIL,LITHUANIA AIR,Lithuania,Y
FlyNordic,LF,NDC,NORDIC,Sweden,Y
Flybaboo,F7,BBO,BABOO,Switzerland,Y
Flybe,BE,BEE,JERSEY,United Kingdom,Y
Flyglobespan,B4,GSM,GLOBESPAN,United Kingdom,Y
Flyhy Cargo Airlines,,FYH,FLY HIGH,Thailand,Y
Formosa Airlines,VY,FOS,,Taiwan,Y
Freedom Air,FP,FRE,FREEDOM,United States,Y
Freedom Airlines,,FRL,FREEDOM AIR,United States,Y
Frontier Airlines,F9,FFT,FRONTIER FLIGHT,United States,Y
Frontier Flying Service,2F,FTA,FRONTIER-AIR,United States,Y
GB Airways,GT,GBL,GEEBEE AIRWAYS,United Kingdom,Y
Garuda Indonesia,GA,GIA,INDONESIA,Indonesia,Y
Gazpromavia,4G,GZP,GAZPROMAVIA,Russia,Y
Georgian Airways,A9,TGZ,TAMAZI,Georgia,Y
Georgian National Airlines,QB,GFG,NATIONAL,Georgia,Y
Germania,ST,GMI,GERMANIA,Germany,Y
Germanwings,4U,GWI,GERMAN WINGS,Germany,Y
Ghana International Airlines,G0,GHB,GHANA AIRLINES,Ghana,Y
Go Air,G8,GOW,GOAIR,India,Y
GoJet Airlines,G7,GJS,GATEWAY,United States,Y
Gol Transportes Aéreos,G3,GLO,GOL TRANSPORTE,Brazil,Y
Golden Air,DC,GAO,GOLDEN,Sweden,Y
Great Lakes Airlines,ZK,GLA,LAKES AIR,United States,Y
Grupo TACA,TA,TAT,TACA-COSTARICA,Costa Rica,Y
Gulf Air,,GFA,GULF AIR,Oman,Y
Gulf Air Bahrain,GF,GBA,GULF BAHRAIN,Bahrain,Y
Gulfstream International Airlines,,GFT,GULF FLIGHT,United States,Y
Hageland Aviation Services,H6,HAG,HAGELAND,United States,Y
Hainan Airlines,HU,CHH,HAINAN,China,Y
Haiti Ambassador Airlines,2T,HAM,,Haiti,Y
Hamburg International,4R,HHI,HAMBURG JET,Germany,Y
TUIfly,X3,HLX,YELLOW CAB,Germany,Y
Hapagfly,HF,HLF,HAPAG LLOYD,Germany,Y
Hawaiian Airlines,HA,HAL,HAWAIIAN,United States,Y
Hawkair,BH,,,Canada,Y
Heli France,8H,HFR,HELIFRANCE,France,Y
Helijet,JB,JBA,HELIJET,Canada,Y
Hellas Jet,T4,HEJ,HELLAS JET,Greece,Y
Hello,HW,FHE,FLYHELLO,Switzerland,Y
Helvetic Airways,2L,OAW,HELVETIC,Switzerland,Y
Hex'Air,UD,HER,HEX AIRLINE,France,Y
Highland Airways,,HWY,HIWAY,United Kingdom,Y
Hokkaido International Airlines,HD,ADO,AIR DO,Japan,Y
Hong Kong Airlines,HX,CRK,BAUHINIA,Hong Kong SAR of China,Y
Hong Kong Express Airways,UO,HKE,HONGKONG SHUTTLE,Hong Kong SAR of China,Y
Horizon Air,QX,QXE,HORIZON AIR,United States,Y
Horizon Airlines,BN,HZA,,Australia,Y
Iberia Airlines,IB,IBE,IBERIA,Spain,Y
Iberworld,TY,IWD,,Spain,Y
Ibex Airlines,FW,IBX,IBEX,Japan,Y
Icar Air,,RAC,TUZLA AIR,Bosnia and Herzegovina,Y
Icelandair,FI,ICE,ICEAIR,Iceland,Y
Imair Airlines,IK,ITX,IMPROTEX,Azerbaijan,Y
IndiGo Airlines,6E,IGO,IFLY,India,Y
Indian Airlines,IC,IAC,INDAIR,India,Y
Indigo,I9,IBU,INDIGO BLUE,United States,Y
Indonesia AirAsia,QZ,AWQ,WAGON AIR,Indonesia,Y
Indonesian Airlines,IO,IAA,INDO LINES,Indonesia,Y
Interair South Africa,D6,ILN,INLINE,South Africa,Y
Interavia Airlines,ZA,SUW,ASTAIR,Russia,Y
Interlink Airlines,ID,ITK,INTERLINK,South Africa,Y
Intersky,3L,ISK,INTERSKY,Austria,Y
Iran Air,IR,IRA,IRANAIR,Iran,Y
Iran Aseman Airlines,EP,IRC,,Iran,Y
Iraqi Airways,IA,IAW,IRAQI,Iraq,Y
Island Airlines,IS,,,United States,Y
Cargo Plus Aviation,8L,CGP,,United Arab Emirates,Y
Islas Airways,IF,ISW,PINTADERA,Spain,Y
Islena De Inversiones,WC,ISV,,Honduras,Y
Israir,6H,ISR,ISRAIR,Israel,Y
Itek Air,GI,IKA,ITEK-AIR,Kyrgyzstan,Y
JAL Express,JC,JEX,JANEX,Japan,Y
JALways,JO,JAZ,JALWAYS,Japan,Y
Japan Airlines,JL,JAL,JAPANAIR,Japan,Y
Japan Airlines Domestic,JL,JAL,J-BIRD,Japan,Y
Japan Asia Airways,EG,JAA,ASIA,Japan,Y
Japan Transocean Air,NU,JTA,JAI OCEAN,Japan,Y
Jazeera Airways,J9,JZR,JAZEERA,Kuwait,Y
Jeju Air,7C,JJA,JEJU AIR,Republic of Korea,Y
Jet Airways,9W,JAI,JET AIRWAYS,India,Y
Jet Airways,QJ,,,United States,Y
Jetstar Asia Airways,3K,JSA,JETSTAR ASIA,Singapore,Y
Jet2.com,LS,EXS,CHANNEX,United Kingdom,Y
Jet4You,8J,JFU,ARGAN,Morocco,Y
JetBlue Airways,B6,JBU,JETBLUE,United States,Y
Jetairfly,JF,JAF,BEAUTY,Belgium,Y
Jetflite,,JEF,JETFLITE,Finland,Y
Jetstar Airways,JQ,JST,JETSTAR,Australia,Y
Juneyao Airlines,HO,DKH,JUNEYAO AIRLINES,China,Y
KD Avia,KD,KNI,KALININGRAD AIR,Russia,Y
KLM Cityhopper,WA,KLC,CITY,Netherlands,Y
KLM Royal Dutch Airlines,KL,KLM,KLM,Netherlands,Y
Kam Air,RQ,KMF,KAMGAR,Afghanistan,Y
Kavminvodyavia,KV,MVD,AIR MINVODY,Russia,Y
Kendell Airlines,,KDA,KENDELL,Australia,Y
Kenmore Air,M5,KEN,KENMORE,United States,Y
Kenya Airways,KQ,KQA,KENYA,Kenya,Y
Kingfisher Airlines,IT,KFR,KINGFISHER,India,Y
Kish Air,Y9,IRK,KISHAIR,Iran,Y
Kogalymavia Air Company,7K,KGL,KOGALYM,Russia,Y
Korean Air,KE,KAL,KOREANAIR,Republic of Korea,Y
Kosmos,,KSM,KOSMOS,Russia,Y
Krasnojarsky Airlines,7B,KJC,KRASNOJARSKY AIR,Russia,Y
Kuban Airlines,GW,KIL,AIR KUBAN,Russia,Y
Kuwait Airways,KU,KAC,KUWAITI,Kuwait,Y
Kuzu Airlines Cargo,GO,KZU,KUZU CARGO,Turkey,Y
LACSA,LR,LRC,LACSA,Costa Rica,Y
LAN Airlines,LA,LAN,LAN,Chile,Y
LAN Argentina,4M,DSM,LAN AR,Argentina,Y
LAN Express,LU,LXP,LANEX,Chile,Y
LAN Peru,LP,LPE,LANPERU,Peru,Y
LOT Polish Airlines,LO,LOT,POLLOT,Poland,Y
LTE International Airways,XO,LTE,FUN JET,Spain,Y
LTU Austria,L3,LTO,BILLA TRANSPORT,Austria,Y
Lao Airlines,QV,LAO,LAO,Lao Peoples Democratic Republic,Y
LatCharter,,LTC,LATCHARTER,Latvia,Y
Lauda Air,NG,LDA,LAUDA AIR,Austria,Y
Leeward Islands Air Transport,LI,LIA,LIAT,Antigua and Barbuda,Y
Libyan Arab Airlines,LN,LAA,LIBAIR,Libya,Y
Linhas A,LM,LAM,MOZAMBIQUE,Mozambique,Y
Lion Mentari Airlines,JT,LNI,LION INTER,Indonesia,Y
Luftfahrtgesellschaft Walter,HE,LGW,WALTER,Germany,Y
Lufthansa,LH,DLH,LUFTHANSA,Germany,Y
Lufthansa Cargo,LH,GEC,LUFTHANSA CARGO,Germany,Y
Lufthansa CityLine,CL,CLH,HANSALINE,Germany,Y
Lufttransport,L5,LTR,LUFT TRANSPORT,Norway,Y
Luxair,LG,LGL,LUXAIR,Luxembourg,Y
L,MJ,LPR,LAPA,Argentina,Y
MasAir,M7,MAA,MAS CARGA,Mexico,Y
MAT Macedonian Airlines,IN,MAK,MAKAVIO,Macedonia,Y
MIAT Mongolian Airlines,OM,MGL,MONGOL AIR,Mongolia,Y
MNG Airlines,MB,MNB,BLACK SEA,Turkey,Y
Macair Airlines,CC,MCK,,Australia,Y
Maersk,DM,,,Denmark,Y
Mahan Air,W5,IRM,MAHAN AIR,Iran,Y
Malaysia Airlines,MH,MAS,MALAYSIAN,Malaysia,Y
Malmo Aviation,,SCW,SCANWING,Sweden,Y
Malmö Aviation,TF,SCW,Scanwings,Sweden,Y
Malta Air Charter,R5,MAC,MALTA CHARTER,Malta,Y
Malév,MA,MAH,MALEV,Hungary,Y
Mandala Airlines,RI,MDL,MANDALA,Indonesia,Y
Mandarin Airlines,AE,MDA,Mandarin,Taiwan,Y
Mango,JE,MNO,TULCA,South Africa,Y
Martinair,MP,MPH,MARTINAIR,Netherlands,Y
Maxair,8M,MXL,MAXAIR,Sweden,Y
Maya Island Air,MW,MYD,MYLAND,Belize,Y
Meridiana,IG,ISS,MERAIR,Italy,Y
Merpati Nusantara Airlines,MZ,MNA,MERPATI,Indonesia,Y
Mesa Airlines,YV,ASH,AIR SHUTTLE,United States,Y
Mesaba Airlines,XJ,MES,MESABA,United States,Y
Mexicana de Aviaci,MX,MXA,MEXICANA,Mexico,Y
Middle East Airlines,ME,MEA,CEDAR JET,Lebanon,Y
Midway Airlines,JI,MDW,MIDWAY,United States,Y
Midwest Airlines,YX,MEP,,United States,Y
Midwest Airlines (Egypt),MY,MWA,,Egypt,Y
Moldavian Airlines,2M,MDV,MOLDAVIAN,Moldova,Y
Monarch Airlines,ZB,MON,MONARCH,United Kingdom,Y
Myway Airlines,8I,,,Italy,Y
Montenegro Airlines,YM,MGX,MONTAIR,Montenegro,Y
Morningstar Air Express,,MAL,MORNINGSTAR,Canada,Y
Moskovia Airlines,3R,GAI,GROMOV AIRLINE,Russia,Y
Motor Sich,M9,MSI,MOTOR SICH,Ukraine,Y
MyTravel Airways,VZ,MYT,KESTREL,United Kingdom,Y
Myanma Airways,UB,UBA,UNIONAIR,Myanmar,Y
Myanmar Airways International,8M,MMM,assignment postponed,Myanmar,Y
Myflug,,MYA,MYFLUG,Iceland,Y
Nasair,UE,NAS,NASAIRWAYS,Eritrea,Y
National Jet Systems,NC,NJS,NATIONAL JET,Australia,Y
Nationwide Airlines,CE,NTW,NATIONWIDE,South Africa,Y
Nauru Air Corporation,ON,RON,AIR NAURU,Nauru,Y
Nepal Airlines,RA,RNA,ROYAL NEPAL,Nepal,Y
NetJets,1I,EJA,EXECJET,United States,Y
New England Airlines,EJ,NEA,NEW ENGLAND,United States,Y
NextJet,2N,NTJ,NEXTJET,Sweden,Y
Niki,HG,NLY,FLYNIKI,Austria,Y
Nok Air,DD,NOK,NOK AIR,Thailand,Y
Norfolk County Flight College,,NCF,COUNTY,United Kingdom,Y
North American Airlines,,NTM,NORTHAM,Canada,Y
North American Charters,,HMR,HAMMER,Canada,Y
Northern Dene Airways,U7,,,Canada,Y
Northwest Airlines,NW,NWA,NORTHWEST,United States,Y
Northwestern Air,J3,PLR,POLARIS,Canada,Y
Norwegian Air Shuttle,DY,NAX,NOR SHUTTLE,Norway,Y
Norwegian Aviation College,,TFN,SPRIT,Norway,Y
Nouvel Air Tunisie,BJ,LBT,NOUVELAIR,Tunisia,Y
Novair,1I,NVR,NAVIGATOR,Sweden,Y
Nas Air,XY,KNE,NAS EXPRESS,Saudi Arabia,Y
Oasis Hong Kong Airlines,O8,OHK,OASIS,Hong Kong,Y
Ocean Air,,BCN,BLUE OCEAN,Mauritania,Y
Oceanair,O6,ONE,OCEANAIR,Brazil,Y
Olympic Airlines,OA,OAL,OLYMPIC,Greece,Y
Oman Air,WY,OMA,OMAN AIR,Oman,Y
Omni Air International,OY,OAE,OMNI-EXPRESS,United States,Y
One Two Go Airlines,,OTG,THAI EXPRESS,Thailand,Y
Onur Air,8Q,OHY,ONUR AIR,Turkey,Y
Orenburg Airlines,R2,ORB,ORENBURG,Russia,Y
Orient Thai Airlines,OX,OEA,ORIENT THAI,Thailand,Y
Origin Pacific Airways,QO,OGN,ORIGIN,New Zealand,Y
Ostfriesische Lufttransport,OL,OLT,OLTRA,Germany,Y
Overland Airways,OJ,OLA,OVERLAND,Nigeria,Y
Ozjet Airlines,O7,OZJ,AUSJET,Australia,Y
PAN Air,PV,PNR,SKYJET,Spain,Y
PB Air,9Q,PBA,PEEBEE AIR,Thailand,Y
PLUNA,PU,PUA,PLUNA,Uruguay,Y
PMTair,U4,PMT,MULTITRADE,Cambodia,Y
Jetstar Pacific,BL,PIC,PACIFIC AIRLINES,Vietnam,Y
Pacific Coastal Airline,8P,PCO,PASCO,Canada,Y
Pacific East Asia Cargo Airlines,Q8,PEC,PAC-EAST CARGO,Philippines,Y
Pacific Island Aviation,,PSA,PACIFIC ISLE,United States,Y
Pacific Wings,LW,NMI,TSUNAMI,United States,Y
Pakistan International Airlines,PK,PIA,PAKISTAN,Pakistan,Y
Paramount Airways,I7,PMW,PARAWAY,India,Y
Passaredo Transportes Aereos,,PTB,PASSAREDO,Brazil,Y
Pegasus Airlines,PC,PGT,SUNTURK,Turkey,Y
Peninsula Airways,KS,PEN,PENINSULA,United States,Y
Philippine Airlines,PR,PAL,PHILIPPINE,Philippines,Y
Piedmont Airlines (1948-1989),PI,PDT,PIEDMONT,United States,Y
Pinnacle Airlines,9E,FLG,FLAGSHIP,United States,Y
Polet,,POT,POLET,Russia,Y
Polynesian Airlines,PH,PAO,POLYNESIAN,Samoa,Y
Porter Airlines,PD,POE,PORTER AIR,Canada,Y
Portugalia,NI,PGA,PORTUGALIA,Portugal,Y
Potomac Air,BK,PDC,DISTRICT,United States,Y
Precision Air,PW,PRF,PRECISION AIR,Tanzania,Y
Privatair,,PTI,PRIVATAIR,Switzerland,Y
Proflight Commuter Services,P0,,,Zambia,Y
Qantas,QF,QFA,QANTAS,Australia,Y
Qatar Airways,QR,QTR,QATARI,Qatar,Y
RACSA,R6,,,Guatemala,Y
Kinloss Flying Training Unit,,KIN,KINLOSS,United Kingdom,Y
Regional Airlines,FN,,,Morocco,Y
Regional Express,ZL,RXA,REX,Australia,Y
Republic Airlines,RW,RPA,BRICKYARD,United States,Y
Republic Express Airlines,RH,RPH,PUBLIC EXPRESS,Indonesia,Y
Rossiya,R4,,,Russia,Y
Air Rarotonga,GZ,RAR,,Cook Islands,Y
Royal Air Maroc,AT,RAM,ROYALAIR MAROC,Morocco,Y
Royal Brunei Airlines,BI,RBA,BRUNEI,Brunei,Y
Royal Jordanian,RJ,RJA,JORDANIAN,Jordan,Y
Royal Nepal Airlines,RA,RNA,ROYAL NEPAL,Nepal,Y
Royal Phnom Penh Airways,,PPW,PHNOM-PENH AIR,Cambodia,Y
Rusline,,RLU,RUSLINE AIR,Russia,Y
Rwandair Express,WB,RWD,RWANDAIR,Rwanda,Y
Ryan Air Services,,RYA,RYAN AIR,United States,Y
Ryan International Airlines,RD,RYN,RYAN INTERNATIONAL,United States,Y
Ryanair,FR,RYR,RYANAIR,Ireland,Y
Régional,YS,RAE,REGIONAL EUROPE,France,Y
SATA International,S4,RZO,AIR AZORES,Portugal,Y
South African Airways,SA,SAA,SPRINGBOK,South Africa,Y
Shaheen Air International,NL,SAI,SHAHEEN AIR,Pakistan,Y
Scandinavian Airlines System,SK,SAS,SCANDINAVIAN,Sweden,Y
ScotAirways,,SAY,SUCKLING,United Kingdom,Y
S7 Airlines,S7,SBI,SIBERIAN AIRLINES,Russia,Y
Seaborne Airlines,BB,SBS,SEABORNE,United States,Y
Scenic Airlines,,SCE,SCENIC,United States,Y
SriLankan Airlines,UL,ALK,SRILANKAN,Sri Lanka,Y
Sun Country Airlines,SY,SCX,SUN COUNTRY,United States,Y
Southeast Air,,SEA,SOUTHEAST AIR,United States,Y
Sky Express,G3,SEH,AIR CRETE,Greece,Y
Spicejet,SG,SEJ,SPICEJET,India,Y
Star Flyer,7G,SFJ,STARFLYER,Japan,Y
Skagway Air Service,N5,SGY,SKAGWAY AIR,United States,Y
Sahara Airlines,,SHD,,Algeria,Y
SATA Air Acores,SP,SAT,SATA,Portugal,Y
Singapore Airlines,SQ,SIA,SINGAPORE,Singapore,Y
Sibaviatrans,5M,SIB,SIBAVIA,Russia,Y
Skynet Airlines,SI,SIH,BLUEJET,Ireland,Y
Sriwijaya Air,SJ,SJY,SRIWIJAYA,Indonesia,Y
Sama Airlines,ZS,SMY,NAJIM,Saudi Arabia,Y
Singapore Airlines Cargo,SQ,SQC,SINGCARGO,Singapore,Y
Siem Reap Airways,FT,SRH,SIEMREAP AIR,Cambodia,Y
South East Asian Airlines,DG,SRQ,SEAIR,Philippines,Y
Skyservice Airlines,5G,SSV,SKYTOUR,Canada,Y
Servicios de Transportes A,FS,STU,FUEGUINO,Argentina,Y
Sudan Airways,SD,SUD,SUDANAIR,Sudan,Y
Saudi Arabian Airlines,SV,SVA,SAUDIA,Saudi Arabia,Y
Southwest Airlines,WN,SWA,SOUTHWEST,United States,Y
Southern Winds Airlines,A4,SWD,SOUTHERN WINDS,Argentina,Y
Swiss International Air Lines,LX,SWR,SWISS,Switzerland,Y
Swissair,SR,SWR,Swissair,Switzerland,Y
Swiss European Air Lines,,SWU,EUROSWISS,Switzerland,Y
Swe Fly,WV,SWV,FLYING SWEDE,Sweden,Y
SunExpress,XQ,SXS,SUNEXPRESS,Turkey,Y
Syrian Arab Airlines,RB,SYR,SYRIANAIR,Syrian Arab Republic,Y
Skywalk Airlines,AL,SYX,SKYWAY-EX,United States,Y
Shandong Airlines,SC,CDG,SHANDONG,China,Y
SAS Braathens,,CNO,SCANOR,Norway,Y
Spring Airlines,9S,CQH,AIR SPRING,China,Y
Sichuan Airlines,3U,CSC,SI CHUAN,China,Y
Shanghai Airlines,FM,CSH,SHANGHAI AIR,China,Y
Shenzhen Airlines,ZH,CSZ,SHENZHEN AIR,China,Y
Sun D'Or,7L,ERO,ECHO ROMEO,Israel,Y
SkyEurope,NE,ESK,RELAX,Slovakia,Y
Sky Europe Airlines,,HSK,MATRA,Slovakia,Y
Spanair,JK,JKK,SPANAIR,Spain,Y
Spirit Airlines,NK,NKS,SPIRIT WINGS,United States,Y
SATENA,9R,NSE,SATENA,Colombia,Y
Skywest Airlines,,OZW,OZWEST,Australia,Y
Santa Barbara Airlines,S3,BBR,SANTA BARBARA,Venezuela,Y
Sky Airline,H2,SKU,AEROSKY,Chile,Y
SkyWest,OO,SKW,SKYWEST,United States,Y
Skyways Express,JZ,SKX,SKY EXPRESS,Sweden,Y
Skymark Airlines,BC,SKY,SKYMARK,Japan,Y
SilkAir,MI,SLK,SILKAIR,Singapore,Y
Surinam Airways,PY,SLM,SURINAM,Suriname,Y
Sterling Airlines,NB,SNB,STERLING,Denmark,Y
Skynet Asia Airways,6J,SNJ,NEWSKY,Japan,Y
Solomon Airlines,IE,SOL,SOLOMON,Solomon Islands,Y
Southern Airways,,SOU,SOUTHERN EXPRESS,United States,Y
Saratov Aviation Division,6W,SOV,SARATOV AIR,Russia,Y
Sat Airlines,HZ,SOZ,SATCO,Kazakhstan,Y
South Pacific Island Airways,,SPI,SOUTH PACIFIC,United States,Y
Shuttle America,S5,TCF,MERCURY,United States,Y
Scat Air,DV,VSV,VLASTA,Kazakhstan,Y
TAME,EQ,TAE,TAME,Ecuador,Y
TAM Brazilian Airlines,JJ,TAM,TAM,Brazil,Y
TAP Portugal,TP,TAP,AIR PORTUGAL,Portugal,Y
Tunisair,TU,TAR,TUNAIR,Tunisia,Y
Thai Air Cargo,T2,TCG,THAI CARGO,Thailand,Y
Thomas Cook Airlines,FQ,TCW,THOMAS COOK,Belgium,Y
Thomas Cook Airlines,MT,TCX,KESTREL,United Kingdom,Y
Trigana Air Service,,TGN,TRIGANA,Indonesia,Y
Tiger Airways,TR,TGW,GO CAT,Singapore,Y
Tiger Airways Australia,TT,TGW,GO CAT,Australia,Y
Thai Airways International,TG,THA,THAI,Thailand,Y
Turk Hava Kurumu Hava Taksi Isletmesi,,THK,HUR KUS,Turkey,Y
Thai AirAsia,FD,AIQ,THAI ASIA,Thailand,Y
Turkish Airlines,TK,THY,TURKAIR,Turkey,Y
Tajikistan International Airlines,,TIL,TIL,Tajikistan,Y
Twin Jet,T7,TJT,TWINJET,France,Y
Translift Airways,,TLA,TRANSLIFT,Ireland,Y
Trans Mediterranean Airlines,TL,TMA,TANGO LIMA,Lebanon,Y
Tiara Air,3P,TNM,TIARA,Aruba,Y
Thomsonfly,BY,TOM,TOMSON,United Kingdom,Y
Tropic Air,PM,TOS,TROPISER,Belize,Y
TAMPA,QT,TPA,TAMPA,Colombia,Y
TransAsia Airways,GE,TNA,TransAsia,Taiwan,Y
Transavia Holland,HV,TRA,TRANSAVIA,Netherlands,Y
TACV,VR,TCV,CABOVERDE,Portugal,Y
Transwest Air,9T,ABS,ATHABASKA,Canada,Y
Transaero Airlines,UN,TSO,TRANSOVIET,Russia,Y
Turkmenistan Airlines,T5,TUA,TURKMENISTAN,Turkmenistan,Y
Tuninter,UG,TUI,,Tunisia,Y
Travel Service,QS,TVS,SKYTRAVEL,Czech Republic,Y
TUIfly Nordic,6B,BLX,BLUESCAN,Sweden,Y
TAAG Angola Airlines,DT,DTA,DTA,Angola,Y
Turkish Air Force,,HVK,TURKISH AIRFORCE,Turkey,Y
TAM Mercosur,PZ,LAP,PARAGUAYA,Paraguay,Y
Trans States Airlines,AX,LOF,WATERSKI,United States,Y
Tarom,RO,ROT,TAROM,Romania,Y
Turan Air,3T,URN,TURAN,Azerbaijan,Y
TRIP Linhas A,8R,TIB,TRIP,Brazil,Y
USA3000 Airlines,U5,GWY,GETAWAY,United States,Y
United Airlines,UA,UAL,UNITED,United States,Y
United Air Charters,,UAC,UNITAIR,Zimbabwe,Y
Ural Airlines,U6,SVR,SVERDLOVSK AIR,Russia,Y
UM Airlines,UF,UKM,UKRAINE MEDITERRANEE,Ukraine,Y
US Airways,US,USA,U S AIR,United States,Y
US Helicopter,,USH,US-HELI,United States,Y
UTair Aviation,UT,UTA,UTAIR,Russia,Y
United States Air Force,,AIO,AIR CHIEF,United States,Y
Uzbekistan Airways,HY,UZB,UZBEK,Uzbekistan,Y
Ukraine International Airlines,PS,AUI,UKRAINE INTERNATIONAL,Ukraine,Y
US Helicopter Corporation,UH,,,United States,Y
Valuair,VF,VLU,VALUAIR,Singapore,Y
Vasco Air,,VFC,VASCO AIR,Vietnam,Y
Vietnam Airlines,VN,HVN,VIET NAM AIRLINES,Vietnam,Y
VIM Airlines,NN,MOV,MOV AIR,Russia,Y
Volaris,Y4,VOI,VOLARIS,Mexico,Y
Volga-Dnepr Airlines,VI,VDA,VOLGA-DNEPR,Russia,Y
Virgin America,VX,VRD,REDWOOD,United States,Y
Virgin Express,TV,VEX,VIRGIN EXPRESS,Belgium,Y
Virgin Nigeria Airways,VK,VGN,VIRGIN NIGERIA,Nigeria,Y
Virgin Atlantic Airways,VS,VIR,VIRGIN,United Kingdom,Y
Viva Macau,ZG,VVM,JACKPOT,Macao,Y
Volare Airlines,VE,VLE,VOLA,Italy,Y
Vueling Airlines,VY,VLG,VUELING,Spain,Y
Vladivostok Air,XF,VLK,VLADAIR,Russia,Y
Varig Log,LC,VLO,VELOG,Brazil,Y
Virgin Australia,VA,VOZ,VIRGIN,Australia,Y
VRG Linhas Aereas,RG,VRN,VARIG,Brazil,Y
VASP,VP,VSP,VASP,Brazil,Y
VLM Airlines,VG,VLM,RUBENS,Belgium,Y
Wayraper,7W,,WAYRAPER,Peru,Y
WebJet Linhas A,WJ,WEB,WEB-BRASIL,Brazil,Y
Welcome Air,2W,WLC,WELCOMEAIR,Austria,Y
West Coast Air,8O,,,Canada,Y
WestJet,WS,WJA,WESTJET,Canada,Y
Western Airlines,WA,WAL,WESTERN,United States,Y
Widerøe,WF,WIF,WIDEROE,Norway,Y
Wind Jet,IV,JET,GHIBLI,Italy,Y
Wings Air,IW,WON,WINGS ABADI,Indonesia,Y
Wizz Air,W6,WZZ,WIZZ AIR,Hungary,Y
Wizz Air Hungary,8Z,WVL,WIZZBUL,Bulgaria,Y
World Airways,WO,WOA,WORLD,United States,Y
XL Airways France,SE,SEU,STARWAY,France,Y
Xiamen Airlines,MF,CXA,XIAMEN AIR,China,Y
Yamal Airlines,YL,LLM,YAMAL,Russia,Y
Yemenia,IY,IYE,YEMENI,Yemen,Y
Yuzhmashavia,,UMK,YUZMASH,Ukraine,Y
Zanair,,TAN,ZANAIR,Tanzania,Y
Zoom Airlines,Z4,OOM,ZOOM,Canada,Y
Tyrolean Airways,\N,TYR,TYROLEAN,\N,Y
Maldivian Air Taxi,8Q,\N,\N,Maldives,Y
Sky Express,XW,SXR,SKYSTORM,Russia,Y
Royal Air Cambodge,VJ,RAC,,Cambodia,Y
Air Mandalay,6T,\N,Six Tango,Burma,Y
Air Busan,BX,ABL,Air Busan,Republic of Korea,Y
Globus,GH,GLP,,Russia,Y
Air Kazakhstan,9Y,KZK,Kazakh,Kazakhstan,Y
Japan Air System,JD,JAS,Air System,Japan,Y
EasyJet (DS),DS,\N,,Switzerland,Y
Star Peru (2I),2I,\N,,Peru,Y
Carnival Air Lines,KW,\N,Carnival Air,United States,Y
United Airways,4H,UBD,UNITED BANGLADESH,Bangladesh,Y
Fly540,5H,FFV,SWIFT TANGO,Kenya,Y
Transavia France,TO,TVF,FRENCH SUN,France,Y
Island Air (WP),WP,MKU,,United States,Y
Uni Air,B7,UIA,Glory,Taiwan,Y
Gomelavia,YD,\N,,Belarus,Y
Red Wings,WZ,RWZ,AIR RED,Russia,Y
TUIfly (X3),11,\N,,Germany,Y
Felix Airways,FU,FXX,,Yemen,Y
Kostromskie avialinii,K1,KOQ,,Russia,Y
Greenfly,XX,GFY,,Spain,Y
Tajik Air,7J,\N,,Tajikistan,Y
Air Mozambique,TM,\N,,Mozambique,Y
ELK Airways,--,ELK,,Estonia,Y
Gabon Airlines,GY,GBK,GABON AIRLINES,Gabon,Y
MCA Airlines,,MCA,CALSON,Sweden,Y
Maldivo Airlines,ML,MAV,Maldivo,Maldives,Y
Virgin Pacific,VH,VNP,,Fiji,Y
Zest Air,Z2,\N,,Philippines,Y
Yangon Airways,HK,AYG,Hotel Kilo,Burma,Y
Eastar Jet,ZE,ESR,Eastar,South Korea,Y
Jin Air,LJ,JNA,Jin Air,South Korea,Y
Wataniya Airways,,KW1,,Kuwait,Y
Air Arabia Maroc,3O,MAC,Air Arabia,Morocco,Y
Baltic Air lines,B1,BA1,Baltic,Latvia,Y
Ciel Canadien,YC,YCC,Ciel,Canada,Y
Canadian National Airways,CN,YCP,CaNational,Canada,Y
Epic Holiday,FA,4AA,Epic,United States,Y
Indochina Airlines,,AXC,Airspup,Vietnam,Y
Air Comet Chile,3I,\N,,Chile,Y
German Air Force - FLB,,FLB,FLB,Germany,Y
Line Blue,L8,LBL,Bluebird,Germany,Y
FlyLAL Charters,,LLC,,Lithuania,Y
Salzburg arrows,SZ,\N,SZA,Austria,Y
Texas Wings,TQ,TXW,TXW,United States,Y
Dennis Sky,DH,DSY,DSY,Israel,Y
Atifly,A1,A1F,atifly,United States,Y
Aerolineas heredas santa maria,,SZB,,Dominican Republic,Y
Ciao Air,99,\N,,Italy,Y
Jc royal.britannica,,JRB,,United Kingdom,Y
Pal airlines,5P,\N,,Chile,Y
CanXpress,C1,CA1,CAX,Canada,Y
Danube Wings (V5),V5,\N,,Slovakia,Y
Sharp Airlines,SH,SHA,SHARP,Australia,Y
CanXplorer,C2,CAP,,Canada,Y
Click (Mexicana),QA,\N,,Mexico,Y
World Experience Airline,W1,WE1,WEA,Canada,Y
ALAK,J4,\N,,Russia,Y
Air Choice One,3E,\N,,United States,Y
Tianjin Airlines,,GCR,,China,Y
China United,KN,\N,,China,Y
Locair,ZQ,LOC,LOCAIR,United States,Y
Safi Airlines,4Q,\N,,Afghanistan,Y
SeaPort Airlines,K5,SQH,SASQUATCH,United States,Y
Salmon Air,S6,\N,,United States,Y
Star1 Airlines,V9,HCW,,Lithuania,Y
Pelita,6D,\N,,Indonesia,Y
Alaska Seaplane Service,J5,\N,,United States,Y
Enerjet,,ENJ,ENERJET AIR,Canada,Y
MexicanaLink,I6,MXI,LINK,Mexico,Y
Island Spirit,IP,ISX,,Iceland,Y
TACA Peru,T0,\N,TACA PERU,Peru,Y
Orbest,,OBS,ORBEST,Portugal,Y
Southern Air Charter,,SOA,,Bahamas,Y
SVG Air,,SVG,Grenadines,Saint Vincent and the Grenadines,Y
Air Century,,CEY,,Dominican Republic,Y
Pan Am World Airways Dominicana,7Q,\N,PAWA,Dominican Republic,Y
Primera Air,PF,\N,PRIMERA,Iceland,Y
Air Antilles Express,3S,\N,GREEN BIRD,Guadeloupe,Y
Sol Lineas Aereas,,OLS,FLIGHT SOL,Argentina,Y
Regional Paraguaya,P7,REP,REGIOPAR,Paraguay,Y
VIP Ecuador,V6,VUR,,Ecuador,Y
Transportes Aereos Cielos Andinos,,NDN,ANDINOS,Peru,Y
Peruvian Airlines,P9,PVN,,Peru,Y
EasyFly,,EFY,EASYFLY,Colombia,Y
Polar Airlines,ЯП,\N,,Russia,Y
Catovair,OC,\N,CATOVAIR,Mauritius,Y
Andalus Lineas Aereas,,ANU,Andalus,Spain,Y
Air 26,,DCD,DUCARD,Angola,Y
Mauritania Airways,,MTW,MAURITANIA AIRWAYS,Mauritania,Y
CEIBA Intercontinental,,CEL,CEIBA LINE,Equatorial Guinea,Y
Halcyonair,7Z,HCV,CREOLE,Cape Verde,Y
Business Aviation,4P,\N,AFRICAN BUSINESS,Congo (Kinshasa),Y
Compagnie Africaine d\\'Aviation,E9,\N,AFRICOMPANY,Congo (Kinshasa),Y
Zambia Skyways,K8,ZAK,ZAMBIA SKIES,Zambia,Y
AlMasria Universal Airlines,UJ,LMU,ALMASRIA,Egypt,Y
EgyptAir Express,,MSE,EGYPTAIR EXPRESS,Egypt,Y
SmartLynx Airlines,6Y,\N,,Latvia,Y
Air Italy Egypt,,EUD,,Egypt,Y
KoralBlue Airlines,K7,KBR,KORAL BLUE,Egypt,Y
Wind Rose Aviation,,WRC,WIND ROSE,Ukraine,Y
Elysian Airlines,E4,GIE,,Cameroon,Y
Sevenair,,SEN,SEVENAIR,Tunisia,Y
Hellenic Imperial Airways,HT,IMP,IMPERIAL,Greece,Y
Amsterdam Airlines,WD,AAN,AMSTEL,Netherlands,Y
Arik Niger,Q9,NAK,,Niger,Y
Dana Air,DA,\N,DANACO,Nigeria,Y
STP Airways,8F,STP,SAOTOME AIRWAYS,Sao Tome and Principe,Y
Med Airways,7Y,\N,FLYING CARPET,Lebanon,Y
Skyjet Airlines,UQ,SJU,SKYJET,Uganda,Y
Air Volga,G6,WLG,GOUMRAK,Russia,Y
Transavia Denmark,,TDK,,Denmark,Y
Royal Falcon,RL,RFJ,,Jordan,Y
Euroline,4L,MJX,GEO-LINE,Georgia,Y
Turkuaz Airlines,,TRK,TURKU,Turkey,Y
Athens Airways,ZF,\N,ATHENSAIR,Greece,Y
Viking Hellas,VQ,VKH,DELPHI,Greece,Y
Norlandair,,FNA,NORLAND,Iceland,Y
Flugfelag Vestmannaeyja,,FVM,ELEGANT,Iceland,Y
Starline.kz,DZ,\N,ALUNK,Kazakhstan,Y
Lugansk Airlines,L7,\N,ENTERPRISE LUHANSK,Ukraine,Y
Gryphon Airlines,6P,\N,,United States,Y
Gadair European Airlines,GP,GDR,GADAIR,Spain,Y
Spirit of Manila Airlines,SM,MNP,MANILA SKY,Philippines,Y
Chongqing Airlines,OQ,CQN,CHONG QING,China,Y
Grand China Air,,GDC,GRAND CHINA,China,Y
West Air China,PN,CHB,WEST CHINA,China,Y
QatXpress,C3,QAX,,Qatar,Y
OneChina,1C,1CH,,China,Y
NordStar Airlines,Y7,\N,,Russia,Y
Joy Air,JR,JOY,JOY AIR,China,Y
Air India Regional,CD,LLR,ALLIED,India,Y
MDLR Airlines,9H,MDL,MDLR,India,Y
Jagson Airlines,,JGN,JAGSON,India,Y
Maldivian,Q2,DQA,ISLAND AVIATION,Maldives,Y
Xpressair,XN,\N,,Indonesia,Y
Strategic Airlines,VC,\N,,Australia,Y
Fars Air Qeshm,,QFZ,FARS AIR,Iran,Y
Eastok Avia,,EAA,,Kyrgyzstan,Y
Jupiter Airlines,,JPU,JUPITERAIR,United Arab Emirates,Y
Vision Air International,,VIS,,Pakistan,Y
Al-Naser Airlines,,\N,,Iraq,Y
Fuji Dream Airlines,JH,FDA,FUJI DREAM,Japan,Y
Korea Express Air,,KEA,,South Korea,Y
Eznis Airways,,EZA,EZNIS,Mongolia,Y
Pacific Flier,,PFL,KOROR,Palau,Y
Syrian Pearl Airlines,,PSB,,Syria,Y
SGA Airlines,5E,\N,SIAM,Thailand,Y
Air2there,F8,\N,,New Zealand,Y
Avianova (Russia),AO,\N,Nova,Russia,Y
Parmiss Airlines (IPV),PA,IPV,IPV,Iran,Y
EuropeSky,ES,EUV,EuropeSky,Germany,Y
BRAZIL AIR,GB,BZE,BRAZIL AIR,Brazil,Y
Homer Air,MR,OME,,Germany,Y
U.S. Air,-+,--+,,United States,Y
Jayrow,\\',\\'\\,,Australia,Y
Wilderness Air,;;,\N,,Australia,Y
Whitaker Air,^^,\N,,Australia,Y
PanAm World Airways,WQ,PQW,,United States,Y
Virginwings,YY,VWA,,Germany,Y
KSY,KY,KSY,KSY,Greece,Y
Buquebus Líneas Aéreas,BQ,BQB,,Uruguay,Y
SOCHI AIR,CQ,KOL,SLOW FROG,Russia,Y
Wizz Air Ukraine,WU,WAU,WIZZAIR UKRAINE,Ukraine,Y
88,47,VVN,,Cyprus,Y
LCM AIRLINES,LQ,LMM,,Russia,Y
Cambodia Angkor Air (K6),K6,KHV,,Cambodia,Y
Royal European Airlines,69,\N,,United Kingdom,Y
Tom\\'s & co airliners,&T,T&O,T&,France,Y
Azul,AD,AZU,,Brazil,Y
LSM Airlines,PQ,LOO,slowbird,Russia,Y
Zapolyarie Airlines,,PZY,,Russia,Y
Finlandian,,FN1,,Finland,Y
LionXpress,C4,LIX,LIX,Cameroon,Y
Genesis,GK,\N,,Pakistan,Y
Congo Express,XZ,\N,EXPRESSWAYS,Congo (Kinshasa),Y
Fly Dubai,FZ,FDB,,United Arab Emirates,Y
Domenican Airlines,D1,MDO,Domenican,Dominican Republic,Y
ConneX European Airline,,2CO,ConneX,Austria,Y
Aereonautica militare,JY,AXZ,,Italy,Y
Kal Star Aviation,,KLS,,Indonesia,Y
LSM AIRLINES ,YZ,YZZ,Moscow frog ,Russia,Y
UTair-Express,UR,\N,,Russia,Y
Huaxia,G5,\N,,China,Y
Zabaykalskii Airlines,ZP,ZZZ,Lakeair,Russia,Y
CBM America,,XBM,AIRMAX,United States,Y
Marysya Airlines,M4,1QA,MARSHAK AIR,Russia,Y
Airlink (SAA),4Z,JAR,,South Africa,Y
Westfalia Express VA,,WFX,,Germany,Y
JobAir,3B,\N,,Czech Republic,Y
Black Stallion Airways,BZ,BSA,Stallion,United States,Y
German International Air Lines,GM,GER,,Germany,Y
TrasBrasil,TB,TBZ,,Brazil,Y
TransBrasil Airlines,TH,THS,,Brazil,Y
China SSS,9C,\N,,China,Y
AIR INDOCHINE,,IIA,,Vietnam,Y
Happy Air,,HPY,,Thailand,Y
Solar Air,,SRB,Solar Air,Thailand,Y
Air Mekong,P8,MKG,Air Mekong,Vietnam,Y
Harbour Air (Priv),H3,\N,,Canada,Y
Air Hamburg (AHO),HH,AHO,Air Hamburg,Germany,Y
ZABAIKAL AIRLINES,Z6,ZTT,BAIKAL ,Russia,Y
TransHolding,TI,THI,,Brazil,Y
SUR Lineas Aereas,,SZZ,,Argentina,Y
Aerolineas Africanas,,AA1,,Guinea,Y
Yeti Airways,YT,\N,,Nepal,Y
Yellowstone Club Private Shuttle,Y1,\N,YCS,United States,Y
Caucasus Airlines,NS,\N,,Georgia,Y
Serbian Airlines,S1,SA1,,Serbia,Y
Windward Islands Airways,WM,\N,Winair,Netherlands Antilles,Y
TransHolding System,YO,TYS,,Brazil,Y
CCML Airlines,CB,CCC,,Colombia,Y
Small Planet Airlines,,ELC,,Lithuania,Y
Fly Brasil,F1,FBL,FBL,Brazil,Y
CB Airways UK ( Interliging Flights ),1F,CIF,,United Kingdom,Y
Fly Colombia ( Interliging Flights ),3F,3FF,,Colombia,Y
Trans Pas Air,T6,TP6,,United States,Y
KMV,МИ,\N,Air Minvody,Russia,Y
Himalayan Airlines,HC,HYM,Himalayan,Nepal,Y
Indya Airline Group,G1,IG1,Indya1,India,Y
Sunwing,WG,\N,sunwing,Canada,Y
Turkish Wings Domestic,,TWD,TWD,Turkey,Y
Japan Regio,ZX,ZXY,,Japan,Y
OCEAN AIR CARGO,,IXO,,India,Y
Norte Lineas Aereas,N0,\N,,Argentina,Y
Austral Brasil,W7,\N,,Brazil,Y
PEGASUS AIRLINES-,H9,\N,,Turkey,Y
Nihon.jet connect,,NX1,,Kyrgyzstan,Y
Camair-co,QC,\N,,Cameroon,Y
Sky Regional,RS,SKV,Sky Regional,Canada,Y
LSM International ,II,UWW,moose,Russia,Y
Baikotovitchestrian Airlines ,BU,BUU,,American Samoa,Y
Luchsh Airlines ,L4,LJJ,russian sky,Russia,Y
ENTERair,,QQQ,,Poland,Y
Air Cargo Germany,6U,ACX,Loadmaster,Germany,Y
Mongolian International Air Lines ,7M,ZTF,Mongol_AIr ,Mongolia,Y
Tway Airlines,TW,TWB,TWAY AIR,South Korea,Y
Papillon Grand Canyon Helicopters,HI,\N,,United States,Y
Jusur airways,JX,JSR,,Egypt,Y
NEXT Brasil,XB,NXB,XB,Brazil,Y
AeroWorld ,W4,WER,sovet,Russia,Y
GNB Linhas Aereas,GN,\N,,Brazil,Y
Usa Sky Cargo,E1,ES2,USKY,United States,Y
Hankook Airline,HN,HNX,HNX,South Korea,Y
REDjet,Z7,\N,,Barbados,Y
Sprintair,,SRN,,Poland,Y
Marusya Airways,Y8,MRS,snowball,Russia,Y
Era Alaska,7H,ERR,ERAH,United States,Y
AirRussia,R8,RRJ,russiancloud,Russia,Y
Hankook Air US,H1,HA1,,United States,Y
Carpatair Flight Training,,SMW,Smartwings,Romania,Y
I-Fly,H5,RSY,RUSSIAN SKY,Russia,Y
Whitejets,,WTJ,WHITEJET,Brazil,Y
VickJet,KT,VKJ,Vickjet,France,Y
BVI Airways,XV,\N,,British Virgin Islands,Y
Hamburg Airways,,HAY,,Germany,Y
Salsa d\\'Haiti,SO,SLC,SALSA,Haiti,Y
Zambezi Airlines (ZMA),ZJ,ZMA,,Zambia,Y
Kan Air,,KND,Kan Air,Thailand,Y
Air Cudlua,,CUD,Cudlua,United Kingdom,Y
Polet Airlines (Priv),YQ,\N,,Russia,Y
Air Explore,,AXE,,Slovakia,Y
12 North,12,N12,12N,India,Y
Holidays Czech Airlines,,HCC,,Czech Republic,Y
Comtel Air,,COE,,Austria,Y
Mint Airways,,MIC,,Spain,Y
Orbit Airlines,,OBT,Orbit,United States,Y
Air Bucharest,,BUR,,Romania,Y
AlbaStar,,LAV,,Spain,Y
Mauritania Airlines International,L6,MAI,,Mauritania,Y
MAT Airways,6F,MKD,,Macedonia,Y
Asian Wings Airways,AW,AWM,Asian Star,Burma,Y
Air Arabia Egypt,E5,RBG,,Egypt,Y
Eagles Airlines,,EGS,EAGLES,Italy,Y
YES Airways,,YEP,,Poland,Y
Alitalia Cityliner,CT,\N,,Italy,Y
Direct Aero Services,,DSV,,Romania,Y
Medallion Air,,MDP,MEDALS,Romania,Y
Orchid Airlines,OI,ORC,,Australia,Y
Asia Wings,Y5,AWA,,Kazakhstan,Y
Georgian International Airlines,,GNN,GEO-LINE,Georgia,Y
Air Batumi,,BTM,,Georgia,Y
Skywest Australia,XR,\N,,Australia,Y
Nile Air,NP,NIA,NILEBIRD,Egypt,Y
Feeder Airlines,,FDD,,Sudan,Y
Senegal Airlines,DN,SGG,,Senegal,Y
Fly 6ix,6I,\N,,Sierra Leone,Y
Starbow Airlines,S9,\N,,Ghana,Y
Copenhagen Express,0X,CX0,Copex,Denmark,Y
BusinessAir,8B,BCC,,Thailand,Y
SENIC AIRLINES,YR,\N,,United States,Y
XOJET,,XOJ,,United States,Y
Sky Wing Pacific,C7,CR7,,South Korea,Y
Bateleur Air,,BEU,,South Africa,Y
Air Indus,PP,AI0,AIPL,Pakistan,Y
Orbit International Airlines,,OAI,OA,United States,Y
Orbit Regional Airlines,,OAR,OA,United States,Y
Orbit Atlantic Airways,,OAN,,United States,Y
Volotea,,VOO,Volotea,Spain,Y
Peach Aviation,MM,APJ,Air Peach,Japan,Y
Helitt Líneas Aéreas,,HTH,,Spain,Y
Russia State Transport,,RSD,STATE AERO,Russia,Y
Malaysia Wings,,MWI,MWI,Malaysia,Y
Aviabus,U1,ABI,,Russia,Y
Michael Airlines,DF,MJG,MJG,Puerto Rico,Y
Korongo Airlines,ZC,KGO,KORONGO,Congo (Kinshasa),Y
Indonesia Sky,I5,IDS,,Indonesia,Y
Aws express,B0,666,aws,United States,Y
Southjet,76,SJS,,United States,Y
Southjet connect,77,ZCS,,United States,Y
Southjet cargo,78,XAN,,United States,Y
Iberia Express,I2,IBS,,Spain,Y
Interjet (ABC Aerolineas),4O,AIJ,INTERJET,Mexico,Y
AirOnix,OG,\N,,Ukraine,Y
Nordic Global Airlines,NJ,NGB,Nordic Global,Finland,Y
Scoot,TZ,SCO,,Singapore,Y
Hi Fly (5K),5K,HFY,,Portugal,Y
China Northwest Airlines (WH),WH,CNW,,China,Y
Zenith International Airline,ZN,ZNA,ZENITH,Thailand,Y
Orbit Airlines Azerbaijan,O1,OAB,Orbitaz,Azerbaijan,Y
Air Alps Aviation (A6),A6,LPV,ALPAV,Austria,Y
Flying kangaroo Airline,,FKA,Skippy,Australia,Y
RusJet,,RSJ,,Russia,Y
VietJet Air,,VJC,VIETJETAIR,Vietnam,Y
Patriot Airways,P4,\N,,United States,Y
Vision Airlines (V2),V2,RBY,RUBY,United States,Y
BQB Lineas Aereas,5Q,\N,,Uruguay,Y
AirAsia Japan,,WAJ,WING ASIA,Japan,Y
Yellowtail,YE,YEL,,United States,Y
Royal Airways,KG,RAW,RAW,United States,Y
FlyHigh Airlines Ireland (FH),FH,FHI,FLYHIRELAND,Ireland,Y
Executive AirShare,,XSR,,United States,Y
Hebei Airlines,,HBH,Hebei Air,China,Y
Air KBZ,,KBZ,Air KBZ,Burma,Y
Aero VIP (2D),2D,AOG,,Portugal,Y
Yangon Airways Ltd.,YH,\N,,Burma,Y
T.J. Air,TJ,TJA,T.J. Air,United States,Y
SkyWork Airlines ,SX,\N,SKYFOX,Switzerland,Y
Maastricht Airlines,W2,\N,,Netherlands,Y
Euro Jet,24,\N,,Germany,Y
Ukraine Atlantic,,UAT,,Ukraine,Y
Nesma Airlines,,NMA,Nesma Airlines,Egypt,Y
East Horizon,,EHN,EAST HORIZON,Afghanistan,Y
Air Majoro,,MJP,Air Majoro,Peru,Y
Rotana Jet,,RJD,ROTANA,United Arab Emirates,Y
SOCHI AIR CHATER,Q3,QER,russian doll,Russia,Y
Denim Air ,J7,DNM,DNM,Norway,Y
Malindo Air,OD,MXD,Malindo,Malaysia,Y
Hermes Airlines,,HRM,HERMES,Greece,Y
Flightlink Tanzania,Z9,\N,,Tanzania,Y
IzAvia,I8,\N,,Russia,Y
Катэкавиа,,КТК,,Russia,Y
Псковавиа,,PKV,,Russia,Y
Maryland Air,M1,M1F,Maryland Flight,United States,Y
Insel Air (7I/INC) (Priv),7I,\N,,Netherlands Antilles,Y
VivaColombia,5Z,VVC,,Colombia,Y
Flybe Finland Oy,,FCM,FINNCOMM,Finland,Y
Bingo Airways,,BGY,,Poland,Y
Bluebird Airways (BZ),,BBG,,Greece,Y
Apache Air,ZM,IWA,APACHE,United States,Y
MHS Aviation GmbH,M2,MHV,,Germany,Y
Jettor Airlines,NR,JTO,JETHAPPY,Hong Kong,Y
Flyme (VP),,VQI,,Maldives,Y
Thai Lion Air,SL,TLM,,Thailand,Y
Golden Myanmar Airlines,,GMR,Golden Myanmar,Burma,Y
Canaryfly,,CNF,,Spain,Y
Sunrise Airways,,KSZ,,Haiti,Y
National Air Cargo,N8,NCR,,United States,Y
Eastern Atlantic Virtual Airlines,13,EAV,EAVA,United States,Y
Citilink Indonesia,QG,\N,SUPERGREEN,Indonesia,Y
Transair,,TTZ,,Canada,Y
Comfort Express Virtual Charters Albany,,EVC,Comfort Express,United States,Y
Comfort Express Virtual Charters,,CEO,,United States,Y
FLYJET,,FYJ,Fast Jet,Poland,Y
Snowbird Airlines,S8,SBD,,Finland,Y
Russkie Krylya,,KRY,,Russia,Y
Kharkiv Airlines,KH,KHK,,Ukraine,Y
XAIR USA,XA,XAU,XAIR,United States,Y
Air Costa,LB,LEP,,India,Y
Simrik Airlines,,RMK,,Nepal,Y
XPTO,XP,XPT,XPTO,Portugal,Y
Royal Flight,,DME,,Russia,Y
BBN-Airways,,EGH,BBN,United Kingdom,Y
Tomsk-Avia,,TKS,,Russia,Y
Malawian Airlines,3W,\N,,Malawi,Y
Yeti Airlines ,,NYT,,Nepal,Y
Avilu,..,...,,Switzerland,Y
Air Serbia,JU,ASL,AIR SERBIA,Serbia,Y
Skyline Ulasim Ticaret A.S.,,KCU,Kocoglu,Turkey,Y
Air Lituanica,LT,LTU,LITUANICA,Lithuania,Y
Envoy Air,,ENY,Envoy,United States,Y
CARICOM AIRWAYS (BARBADOS) INC.,,CCB,,Barbados,Y
Rainbow Air (RAI),RN,RAB,Rainbow,United States,Y
Rainbow Air Canada,RY,RAY,Rainbow CAN,Canada,Y
Rainbow Air Polynesia,RX,RPO,Rainbow Air,United States,Y
Rainbow Air Euro,RU,RUE,Rainbow Air,United Kingdom,Y
Rainbow Air US,RM,RNY,Rainbow Air,United States,Y
Transilvania,,TNS,,Romania,Y
Dobrolet,QD,DOB,DOBROLET,Russia,Y
Spike Airlines,S0,SAL,Spike Air,United States,Y
Grand Cru Airlines,,GCA,,Lithuania,Y
Go2Sky,,RLX,RELAX,Slovakia,Y
All Argentina,L1,AL1,,Argentina,Y
All America,A2,AL2,,United States,Y
All Asia,L9,AL3,,China,Y
All Africa,9A,99F,,South Africa,Y
Regionalia México,N4,J88,,Mexico,Y
All Europe,N9,N99,,United Kingdom,Y
All Spain,N7,N77,,Spain,Y
Regional Air Iceland,9N,N78,,Iceland,Y
Voestar,8K,K88,,Brazil,Y
All Colombia,7O,7KK,,Colombia,Y
Regionalia Uruguay,2X,2K2,,Uruguay,Y
Regionalia Venezuela,9X,9XX,,Venezuela,Y
Regionalia Chile,9J,CR1,,Chile,Y
Vuela Cuba,6C,6CC,,Cuba,Y
All Australia,88,8K8,,Australia,Y
Fly Europa,ER,RWW,,Spain,Y
FlyPortugal,PO,FPT,FlyPortugal,Portugal,Y
Spring Airlines Japan,IJ,SJO,,Japan,Y
Dense Airways,KP,DWA,DENSE,United States,Y
Dense Connection,KZ,DC2,DC2,United States,Y
Vuola Italia,4S,VI4,,Italy,Y
Jet Suite,,RSP,Red Stripe,United States,Y
Fly Jamaica Airways,,FJM,Greenheart,Jamaica,Y
Island Express Air,1X,\N,Abby Air,Canada,Y
All Argentina Express,Z0,Z9H,,Argentina,Y
Thai Smile Airways,WE,THD,THAI SMILE,Thailand,Y
International AirLink,I4,\N,,Jamaica,Y
Real Tonga,RT,\N,,Tonga,Y
All America AR,2R,M7A,,Argentina,Y
All America CL,1R,R1R,,Chile,Y
SOCHI AIR EXPRESS,Q4,SAE,ADLER EXPRESS,Russia,Y
All America BR,1Y,A9B,,Brazil,Y
Volotea Costa Rica,9V,VC9,,Costa Rica,Y
Fly Romania,X5,OTJ,TENDER AIR,Romania,Y
Eagle Atlantic Airlines,E2,\N,,Ghana,Y
Fly Africa Zimbabwe,,FZW,Fresh Express,Zimbabwe,Y
San Dima Air,,SDI,FAREFLIGHT,United States,Y
All America CO,0Y,7ZC,,Colombia,Y
All America MX,0M,0MM,,Mexico,Y
FOX Linhas Aereas,FX,FOX,,Brazil,Y
Air Kenya (Priv),QP,\N,,Kenya,Y
Via Conectia Airlines,6V,CZV,,Uruguay,Y
Hebradran Air Services,,HBR,Hebradran,United Kingdom,Y
Pobeda,,PBD,POBEDA,Russia,Y
City Airways,E8,GTA,CITY AIR,Thailand,Y
Norwegian Long Haul AS,DU,NLH,NORSTAR,Norway,Y
BA101,,710,,United Kingdom,Y
TransNusa Air,M8,TNU,TRANSNUSA,Indonesia,Y
Tomp Airlines,ZT,T9P,,Chile,Y
Fuzhou Airlines,,FZA,,China,Y
Sky Angkor Airlines (ZA),,SWM,SKY ANGKOR,Cambodia,Y
OneJet,J1,\N,,United States,Y
Global Airlines,0G,GA0,,Argentina,Y
Mann Yadanarpon Airlines,,MYP,MANN ROYAL,Burma,Y
Air Vistara,UK,VTI,,India,Y
TransRussiaAirlines,1E,RGG,,Russia,Y
Severstal Air Company,D2,SSF,,Russia,Y
REXAIR VIRTUEL,RR,RXR,Rexair,France,Y
WestJet Encore,WR,WEN,Encore,Canada,Y
Air Pegasus,OP,PPL,,India,Y
International Europe,9I,INE,,Spain,Y
Sky Regional Airlines,,SKV,Maple,Canada,Y
V Air,ZV,VAX,,Taiwan,Y
Cello Aviation,,CLJ,CELLOJET,United Kingdom,Y
Pouya Air,,PYA,,Iran,Y
Boutique Air (Priv),4B,BTQ,,United States,Y
FlyEgypt,,FEG,,Egypt,Y
VOLOTEA Airways,V7,VOE,,Spain,Y
INAVIA Internacional,Z5,IIR,,Argentina,Y
Liberty Airways,LE,LTY,,United States,Y
Аэросервис,АЯ,\N,,Russia,Y
Aeronautica Militare,,IAM,Italian Airforce,Italy,Y
Bassaka airlines,5B,BSX,5B,Cambodia,Y
Jetstar Japan ,,JJP,ORANGE LINER,Japan,Y
SkyBahamas Airlines,Q7,\N,TROPICAL SKY,Bahamas,Y
UVT Aero,UW,BUG,,Russia,Y
First Flying,,DAK,,Japan,Y
Silver Airways (3M),3M,SIL,Silver Wings,United States,Y
AtlasGlobal Ukraine,,UJX,Atlas Ukraine,Ukraine,Y
Boliviana de Aviacion (OB),,BOV,BOLIVIANA,Bolivia,Y
US-Bangla Airlines,,UBG,,Bangladesh,Y
Norwegian Air International (D8),,IBK,NORTRANS,Norway,Y
ATA Airlines (Iran),I3,AMT,ATALAR,Iran,Y
VIA Líneas Aéreas,V1,VIA,,Argentina,Y
GermanXL,GX,GXG,,Germany,Y
Alghanim,,KYA,,United States,Y
Indonesa Air Aisa X,,IDX,Red Phoenix,Indonesia,Y
Fly France,FF,FRF,,France,Y
Jota Aviation,,ENZ,ENZO,United Kingdom,Y
Europe Jet,EX,EU9,,France,Y
COBALT,,FCB,COBALT,Cyprus,Y
Southern Airways Express,,LTD,LIGHTSPEED,United States,Y
Orenburzhie,,ORG,,Russia,Y
World Scale Airlines,W3,WSS,,United States,Y
All America US,AG,SSA,,United States,Y
University of Birmingham Air Squadron (RAF),,UAY,UAY,United Kingdom,Y
Choice Airways,,CSX,,United States,Y
Aruba Airlines,,ARU,,Aruba,Y
BudgetAir,1K,BG1,,Germany,Y
Dynamic Airways,,DYA,,United States,Y
Fly One,F5,FI5,,Moldova,Y
Nordica,EE,\N,REVAL,Estonia,Y
Tez Jet Airlines,,TEZ,,Kyrgyzstan,Y
Kush Air,,KUH,,South Sudan,Y
ViaAir,,SRY,Stingray,United States,Y
All America BOPY,0P,PYB,BOPY,Paraguay,Y
Thai Vietjet Air,,TVJ,THAIVIET JET,Thailand,Y
GX Airlines,,CBG,SPRAY,China,Y
Jetgo Australia,JG,\N,,Australia,Y
Air Carnival,2S,ACV,,India,Y
Svyaz Rossiya,7R,SJM,RussianConnecty,Russia,Y
